id,NT1,NT2,NT3,NT4,NT5,NT6,NT7,NT8,is_positive
0,"69.204,31.499,15.439","72.379,32.575,10.796","77.895,33.755,9.769","84.753,31.765,9.188","84.547,36.507,11.124","82.675,41.303,11.068","78.004,41.475,11.663","72.957,40.226,11.339",1
1,"49.929,36.329,49.592","54.509,39.342,49.313","60.011,39.781,49.868","66.82,38.868,48.066","67.582,37.195,52.963","65.914,38.341,58.251","61.112,38.748,57.643","55.992,41.179,56.559",1
2,"2.477,75.951,51.678","2.716,78.732,56.751","1.84,82.233,60.059","-1.302,89.045,61.814","2.221,90.716,58.883","8.213,91.183,58.757","9.909,85.912,58.753","9.19,80.43,57.979",1
3,"13.3,60.445,16.198","14.263,65.819,16.505","12.633,71.007,16.327","8.943,76.9,18.215","7.04,76.843,13.362","8.532,76.432,8.41","11.439,72.111,8.645","15.57,68.242,9.474",1
4,"0.329,45.706,42.62","2.882,48.633,38.768","4.897,53.702,38.055","9.668,59.057,38.503","5.157,61.077,37.766","0.774,61.332,35.171","-1.695,57.171,35.303","-2.951,51.986,35.149",1
5,"6.645,43.216,39.005","11.7,41.62,37.755","15.094,38.127,35.054","17.619,35.616,28.514","17.355,31.708,31.935","18.321,29.686,36.545","15.371,31.845,39.616","13.64,36.26,42.256",1
6,"9.575,2.276,30.705","13.564,1.567,34.626","17.065,3.703,38.174","20.272,6.608,44.34","24.028,9.055,40.759","27.216,8.24,36.398","23.132,5.894,33.628","19.99,1.333,31.381",1
7,"37.574,23.387,22.626","34.218,18.649,22.862","29.578,17.705,25.872","22.526,17.755,26.653","24.534,17.649,31.435","27.775,15.492,34.669","32.405,15.536,32.701","36.503,15.857,29.47",1
8,"-35.511,35.274,109.052","-40.674,35.791,108.439","-44.72,38.953,106.482","-48.712,41.962,101.479","-48.038,45.169,105.295","-48.451,46.343,110.521","-45.454,43.536,112.946","-42.869,39.437,115.225",1
9,"85.711,130.774,28.119","84.993,133.839,32.317","86.461,136.837,36.745","88.894,142.178,40.672","93.139,138.845,43.471","92.562,133.912,45.718","89.543,131.829,41.713","84.795,130.088,38.343",1
10,"99.989,133.247,50.957","95.676,136.361,48.056","91.799,139.424,50.132","88.563,144.947,53.517","86.009,140.945,54.473","83.71,137.036,53.165","86.325,133.549,51.851","89.868,131.149,48.304",1
11,"122.699,15.77,34.28","124.82,9.988,33.093","126.072,6.8,29.103","130.536,6.35,23.219","125.946,3.53,22.502","121.234,1.087,24.11","119.308,3.759,27.291","118.62,6.55,31.682",1
12,"10.185,100.545,68.515","14.094,104.164,69.119","17.287,107.52,66.752","20.234,113.652,63.549","23.79,110.035,60.832","27.081,105.288,61.082","22.845,102.686,63.849","20.501,100.679,68.958",1
13,"32.299,106.175,54.21","28.88,108.325,58.455","30.301,111.17,62.68","32.668,117.865,65.79","34.165,113.651,68.636","33.414,108.801,70.683","32.828,105.456,67.739","30.316,102.619,63.838",1
14,"3.55,47.386,7.49","-0.434,44.58,10.743","-5.364,42.806,9.421","-10.328,38.291,6.287","-11.998,43.026,6.601","-13.049,47.386,8.982","-9.486,50.021,10.665","-4.717,51.462,12.577",1
15,"78.137,-12.531,86.464","79.713,-11.238,92.772","79.364,-13.872,97.311","80.338,-18.65,102.016","75.169,-17.538,102.321","72.1,-13.531,102.928","71.861,-10.067,99.119","73.273,-8.715,94.771",1
16,"21.392,33.713,73.52","20.511,29.725,70.329","17.933,27.947,65.829","17.288,27.743,58.388","12.471,27.382,60.461","9.159,25.68,64.044","10.51,27.292,68.2","13.255,28.995,72.424",1
17,"-13.297,51.198,-0.399","-8.098,52.853,-1.696","-5.319,55.059,-6.018","-3.568,60.897,-10.51","-3.444,56.465,-13.211","-2.082,51.475,-13.83","-3.812,48.805,-10.33","-5.367,46.885,-5.381",1
18,"46.66,103.124,80.321","42.821,98.118,80.755","42.515,94.664,85.012","40.058,92.764,91.499","44.965,90.204,91.091","47.75,87.478,88.062","48.477,89.274,83.711","48.155,91.975,79.455",1
19,"30.864,81.881,94.45","31.973,78.723,98.746","33.934,78.832,104.154","32.796,80.271,111.329","37.553,79.993,109.949","43.956,78.475,108.163","41.661,78.898,103.431","38.955,76.604,98.779",1
20,"27.402,-0.514,103.71","29.046,-1.66,98.277","31.393,1.161,94.355","37.334,4.509,91.369","32.779,7.131,90.097","27.451,7.709,88.338","24.767,4.887,91.349","22.737,0.773,94.273",1
21,"31.13,26.967,113.875","27.632,24.933,110.281","22.246,22.981,109.835","15.077,23.638,110.641","16.539,19.051,112.027","18.875,14.121,111.847","23.748,15.132,112.006","29.03,16.969,110.424",1
22,"13.421,70.032,-7.91","15.227,65.79,-11.105","14.046,60.131,-12.359","10.808,55.189,-15.873","11.881,53.295,-11.029","14.737,52.192,-6.828","16.14,56.633,-5.462","19.067,61.398,-5.596",1
23,"24.731,28.265,21.078","21.847,29.314,25.941","20.385,33.29,29.911","17.101,39.778,31.115","21.092,39.575,33.653","25.317,38.451,36.487","27.078,34.397,33.872","26.847,29.25,31.523",1
24,"-24.643,48.686,-65.907","-27.834,53.273,-66.498","-30.363,57.533,-64.011","-30.743,63.373,-59.886","-35.246,60.699,-59.252","-39.091,57.982,-61.385","-37.775,53.994,-63.33","-35.401,51.757,-67.56",1
25,"11.609,10.575,24.46","17.195,9.994,25.868","20.667,8.386,29.667","23.615,2.824,34.131","22.164,7.074,36.836","22.347,12.132,38.65","19.7,14.419,35.36","18.212,16.565,30.117",1
26,"-12.585,-14.058,10.274","-8.628,-16.941,13.334","-3.422,-17.036,14.416","3.144,-14.745,17.126","3.838,-16.237,12.487","3.569,-20.848,9.538","-0.805,-21.354,8.092","-5.843,-22.219,8.449",1
27,"-21.54,-27.732,-34.836","-23.566,-23.604,-38.426","-21.96,-20.973,-43.164","-20.632,-21.087,-50.218","-16.851,-18.095,-48.042","-14.647,-14.42,-44.88","-16.337,-15.905,-40.33","-19.574,-17.52,-36.147",1
28,"97.579,-42.943,19.824","96.835,-41.578,14.089","98.048,-37.884,10.256","102.4,-34.25,5.566","99.304,-30.838,7.545","94.687,-29.54,8.627","92.349,-32.468,11.658","91.133,-36.926,14.5",1
29,"53.036,15.514,44.401","58.062,14.148,41.978","62.609,15.887,39.508","69.311,19.63,39.93","66.698,20.564,35.304","64.061,20.091,30.525","59.596,18.483,32.429","55.991,14.715,34.609",1
30,"33.394,-38.645,-17.219","38.344,-39.861,-20.369","40.56,-38.437,-25.148","42.871,-33.572,-29.579","39.332,-36.386,-32.3","37.563,-41.282,-34.217","36.018,-43.683,-29.969","35.509,-45.582,-24.951",1
31,"31.3,4.03,17.47","35.673,1.743,14.731","36.346,-1.786,10.898","35.935,-3.523,3.718","35.142,-7.947,6.789","36.306,-11.074,10.636","36.054,-8.806,14.767","36.798,-4.903,18.602",1
32,"-9.974,11.259,19.071","-10.636,9.261,14.123","-12.829,5.329,11.801","-17.962,1.568,7.632","-16.51,-3.163,8.91","-11.795,-4.27,11.217","-9.72,-1.128,13.66","-6.636,3.173,14.247",1
33,"14.163,14.886,4.235","12.014,12.987,-0.575","7.12,12.292,-2.965","1.21,15.934,-7.025","-0.36,11.884,-3.944","-0.567,7.064,-1.887","3.464,6.391,0.398","9.033,5.992,1.771",1
34,"-48.524,-11.956,29.709","-46.569,-10.119,35.155","-47.766,-5.201,37.192","-51.292,-0.22,40.733","-48.371,2.193,36.904","-43.318,2.604,35.228","-41.685,-1.16,32.736","-40.353,-5.447,30.734",1
35,"26.169,54.931,35.757","23.806,56.41,40.694","23.441,54.278,45.443","24.772,53.036,52.693","21.854,49.128,50.714","17.589,47.273,48.721","17.336,48.784,44.388","16.976,52.702,40.605",1
36,"13.2,17.021,4.967","8.656,18.436,2.748","4.091,20.66,3.17","-0.349,27.298,4.642","-2.316,23.276,7.162","-3.889,18.401,7.871","-0.355,15.373,7.656","3.432,12.595,4.897",1
37,"17.129,-17.46,14.454","17.026,-20.891,19.311","14.19,-23.874,22.839","9.521,-29.212,24.632","7.18,-25.032,26.982","7.227,-20.646,29.887","10.51,-17.935,27.204","15.155,-16.248,24.688",1
38,"31.826,41.072,350.812","36.366,40.815,354.37","37.972,39.559,359.515","38.682,34.283,364.926","36.822,38.971,366.904","35.983,44.087,368.221","34.508,45.821,363.553","35.184,47.578,358.195",1
39,"38.579,42.581,370.718","42.11,38.417,370.085","45.827,36.13,373.443","47.909,32.678,379.282","50.919,36.987,378.958","53.993,39.786,376.43","51.943,41.698,372.565","48.748,42.841,368.485",1
40,"-7.041,18.584,59.69","-10.116,13.823,58.744","-10.564,8.342,59.773","-11.925,3.262,64.356","-7.673,2.134,61.422","-5.013,1.69,57.182","-4.404,5.898,55.124","-5.88,10.75,52.971",1
41,"-12.015,12.797,45.915","-10.079,10.175,41.396","-7.726,6.858,36.401","-7.722,1.672,31.39","-3.556,-0.992,34.846","0.932,-0.264,37.944","-1.818,3.754,40.774","-2.819,9.623,41.725",1
42,"4.24,-8.83,38.047","0.907,-4.23,35.713","2.436,-0.985,31.54","2.426,0.593,24.807","6.365,2.736,26.922","7.812,5.508,30.637","7.451,3.901,34.928","5.113,1.724,39.068",1
43,"25.636,3.114,2.021","23.069,-1.98,2.56","17.993,-3.768,3.89","10.706,-4.422,2.084","11.207,-4.037,7.242","13.597,-5.381,11.579","18.058,-3.702,11.766","23.225,-3.335,9.885",1
44,"0.792,21.883,-2.769","-5.117,23.913,-4.0","-7.834,28.133,-2.608","-9.595,35.407,-2.734","-10.57,33.549,2.052","-13.039,30.015,4.814","-11.174,25.316,4.529","-8.488,21.497,2.005",1
45,"10.348,-8.632,-11.245","5.802,-9.123,-14.183","2.625,-6.334,-17.683","1.134,-3.227,-24.209","-0.768,-0.178,-20.29","-3.602,0.809,-15.887","-1.615,-1.7,-12.238","0.269,-5.982,-9.421",1
46,"-36.268,21.569,-28.62","-41.286,21.234,-25.23","-42.921,17.145,-22.348","-43.37,12.108,-16.957","-45.104,10.119,-21.03","-48.251,9.892,-25.283","-47.105,12.993,-28.678","-45.711,17.728,-31.022",1
47,"-49.428,-24.631,-10.475","-51.817,-26.939,-5.992","-55.366,-25.229,-1.425","-61.928,-22.046,0.006","-57.974,-19.833,3.071","-53.993,-19.873,6.449","-50.473,-21.653,2.991","-47.411,-25.646,-0.138",1
48,"0.944,36.468,44.561","3.958,33.111,48.033","4.556,31.391,53.378","1.487,28.095,59.403","3.569,32.197,60.992","7.636,36.142,61.089","8.259,37.988,56.663","9.378,37.845,51.128",1
49,"35.412,-14.82,28.108","33.427,-11.415,32.522","32.175,-11.305,38.113","34.036,-12.612,44.894","29.317,-15.083,43.793","24.018,-15.605,42.305","24.638,-14.96,37.417","26.038,-12.207,32.644",1
50,"-33.977,-79.675,18.351","-28.744,-82.252,18.201","-26.29,-87.199,17.898","-24.638,-93.422,13.998","-26.274,-94.734,18.622","-24.784,-94.381,24.178","-26.859,-90.021,25.207","-27.139,-84.367,25.206",1
51,"23.963,22.576,6.44","29.593,19.577,4.926","29.442,15.782,0.963","29.662,12.627,-5.686","27.57,9.355,-2.725","28.554,6.868,1.866","28.522,8.929,6.238","26.851,13.195,9.748",1
52,"41.771,5.628,10.927","40.95,11.314,11.437","43.002,15.504,13.932","46.727,21.801,15.261","45.21,20.137,19.972","41.594,18.214,22.829","39.747,14.283,21.559","36.777,11.361,17.835",1
53,"-1.447,20.049,-1.038","-6.123,17.936,0.507","-8.923,14.143,3.329","-12.328,11.887,9.674","-9.865,8.028,6.988","-8.598,5.16,2.804","-7.204,7.62,-0.812","-6.758,11.805,-4.333",1
54,"0.272,-33.849,8.465","-1.625,-36.188,3.811","0.132,-38.49,-0.667","3.537,-44.034,-4.626","4.788,-39.562,-6.64","3.624,-34.912,-8.29","1.748,-31.82,-5.17","-1.115,-29.348,-1.163",1
55,"21.81,17.133,71.158","23.876,13.742,66.909","27.213,15.01,62.37","32.963,17.277,58.969","28.992,19.924,56.802","24.706,19.612,53.957","21.085,17.555,57.23","18.021,15.067,61.398",1
56,"59.815,-15.271,-3.875","58.646,-20.901,-5.284","60.153,-24.185,-9.131","64.336,-28.215,-12.56","62.34,-25.259,-16.524","57.826,-23.729,-18.532","55.175,-21.425,-15.356","53.262,-19.102,-10.71",1
57,"-23.133,3.001,109.15","-20.48,6.255,105.602","-20.422,10.82,102.477","-21.276,18.487,102.445","-23.6,16.389,98.621","-25.017,13.452,94.194","-24.885,8.954,96.563","-22.217,4.44,98.689",1
58,"12.777,0.075,40.422","13.669,-4.814,43.2","17.966,-7.949,44.345","24.351,-8.975,47.676","24.345,-10.672,43.361","22.385,-14.432,39.263","18.035,-12.525,37.559","13.475,-10.13,37.568",1
59,"18.468,37.536,25.192","21.347,38.514,19.739","19.495,39.991,14.833","16.451,44.472,10.07","14.713,39.719,8.838","15.628,34.844,7.864","17.503,32.507,11.635","20.629,31.551,16.163",1
60,"38.57,8.544,-16.463","40.022,10.86,-21.351","38.448,15.122,-24.28","37.95,21.857,-27.031","33.617,19.603,-27.929","31.28,15.709,-30.148","32.348,11.301,-28.564","34.59,7.091,-26.275",1
61,"-16.038,41.313,-33.631","-10.697,41.615,-33.777","-6.396,41.703,-30.699","-1.134,38.359,-25.557","-3.198,42.209,-22.884","-3.669,47.376,-22.595","-7.041,48.296,-26.464","-9.599,49.327,-31.316",1
62,"-4.728,39.383,-14.182","-7.931,43.26,-16.715","-12.956,44.822,-16.569","-18.813,48.0,-14.249","-20.665,44.041,-16.977","-20.612,40.882,-21.18","-16.098,39.317,-21.485","-10.456,39.573,-22.88",1
63,"9.895,-52.508,12.614","5.85,-49.109,10.557","5.055,-46.183,5.944","3.757,-44.845,-0.974","7.763,-41.871,0.317","9.332,-38.243,3.559","9.764,-39.418,8.227","8.955,-41.841,13.277",1
64,"18.654,38.288,17.893","23.028,35.153,15.998","23.644,30.898,12.649","24.036,27.737,6.211","21.852,24.323,9.206","21.881,21.922,13.854","21.974,24.758,17.737","22.755,29.226,20.917",1
65,"15.621,52.722,32.034","10.616,54.229,33.854","5.984,52.74,36.183","1.768,50.353,41.358","0.41,47.977,37.057","-0.932,48.189,31.966","2.277,50.144,29.081","6.366,53.342,27.075",1
66,"14.834,52.954,76.432","14.129,54.648,81.692","16.253,55.316,86.567","20.974,58.023,91.324","20.189,53.138,92.367","17.146,48.859,93.095","14.607,47.776,89.395","11.059,48.47,85.278",1
67,"-28.005,-26.908,25.016","-26.358,-31.765,26.828","-26.668,-34.209,31.882","-28.926,-39.096,36.936","-26.704,-35.453,39.102","-22.193,-33.206,40.035","-20.594,-30.524,36.059","-19.526,-29.844,31.445",1
68,"50.876,71.357,184.358","54.205,69.715,179.97","59.556,68.991,178.951","65.974,65.567,178.503","66.892,70.508,179.2","66.234,75.359,177.062","61.859,76.688,177.595","56.301,76.358,176.752",1
69,"125.793,17.479,-0.313","130.601,20.345,-1.489","134.597,23.849,1.26","140.332,24.712,5.552","137.738,29.065,5.647","134.723,32.898,3.464","130.642,30.629,2.283","127.912,27.526,-1.301",1
70,"143.89,90.88,3.008","145.788,95.299,1.142","145.0,100.038,-1.087","142.864,107.395,-0.912","140.927,105.057,-4.937","141.27,102.397,-9.357","143.717,98.208,-8.694","146.739,94.003,-6.748",1
71,"116.221,58.557,10.273","112.509,54.921,11.821","107.965,54.236,14.915","100.635,55.541,16.299","103.4,56.072,20.63","106.572,54.74,24.491","110.983,54.939,22.477","115.678,53.332,19.679",1
72,"169.121,120.228,-56.085","166.152,115.409,-56.572","164.339,110.892,-54.091","159.993,107.264,-49.332","164.55,105.348,-47.634","168.992,103.073,-49.294","170.891,106.812,-52.396","171.709,109.881,-57.125",1
73,"155.761,127.816,-24.446","158.446,123.261,-23.556","163.159,120.748,-21.465","166.933,117.404,-16.293","170.015,120.312,-18.784","171.989,120.797,-23.546","168.833,122.731,-26.384","163.866,122.863,-29.435",1
74,"161.096,80.521,-39.699","164.263,82.16,-43.624","169.501,81.338,-46.382","173.647,77.461,-51.078","176.794,79.356,-47.155","178.309,83.252,-44.225","174.421,84.21,-41.327","169.582,86.86,-40.468",1
75,"241.031,103.201,55.444","239.527,100.985,50.459","239.205,102.454,45.37","240.272,103.797,38.405","236.725,107.251,39.911","232.025,107.348,41.804","230.993,105.025,46.01","231.605,102.449,50.621",1
76,"172.145,140.203,-10.79","171.971,135.21,-13.695","170.91,129.637,-12.938","165.892,124.213,-10.536","170.788,123.384,-8.762","176.387,122.546,-8.113","177.683,127.268,-9.333","178.379,131.814,-12.335",1
77,"206.707,161.725,-31.083","202.599,157.609,-30.688","197.853,156.876,-27.845","191.004,157.328,-26.179","193.256,156.759,-21.523","196.814,154.143,-18.79","201.201,154.14,-20.585","205.399,153.329,-24.516",1
78,"265.22,139.792,25.115","266.072,134.127,24.075","264.923,130.551,20.238","265.744,128.384,12.863","260.694,128.602,14.42","256.061,127.371,16.89","256.601,129.859,21.419","258.766,131.401,26.204",1
79,"-7.397,15.748,9.975","-9.984,16.924,5.505","-13.11,17.334,0.82","-18.599,20.916,-2.83","-19.433,15.847,-2.723","-19.253,10.374,-3.928","-15.563,10.043,-0.447","-10.103,10.48,1.176",1
80,"10.535,5.303,20.128","5.73,6.86,19.321","0.624,5.24,19.945","-5.468,4.804,24.53","-5.249,0.75,21.742","-5.474,-1.162,16.795","-0.615,-0.748,15.411","4.706,-0.287,15.317",1
81,"-26.84,21.188,-20.017","-24.43,23.942,-24.353","-24.063,29.148,-26.45","-21.39,35.826,-26.679","-26.514,36.38,-27.857","-30.953,35.634,-30.497","-31.894,30.817,-29.281","-31.113,25.389,-29.073",1
82,"-47.506,54.244,-10.876","-51.342,54.746,-6.603","-52.662,52.135,-2.014","-51.278,50.53,4.98","-53.417,46.504,2.693","-56.908,44.336,-0.237","-56.529,45.585,-4.784","-56.925,49.06,-8.867",1
83,"-48.41,21.292,-46.942","-50.517,22.762,-51.882","-53.639,26.575,-53.902","-54.301,33.304,-57.549","-58.598,33.509,-54.388","-62.842,30.543,-53.181","-60.593,26.292,-51.602","-57.92,21.325,-51.21",1
84,"7.09,3.344,-11.84","4.074,6.79,-14.546","4.0,11.151,-17.546","5.219,15.052,-23.432","6.334,17.993,-19.265","5.11,19.775,-14.716","3.884,16.615,-11.293","2.632,12.127,-8.72",1
85,"-23.301,85.766,78.189","-23.033,89.958,73.749","-25.996,90.718,69.197","-31.627,92.875,65.712","-29.722,88.987,63.064","-25.535,86.656,60.869","-22.03,86.084,63.904","-19.277,85.858,68.514",1
86,"4.237,27.461,25.722","8.533,29.126,29.599","11.934,33.45,30.562","13.539,40.451,32.068","17.076,39.132,28.064","20.833,36.208,25.415","17.998,31.572,25.162","15.015,27.236,25.689",1
87,"68.804,73.353,85.329","71.546,72.323,90.262","74.056,68.353,92.974","79.674,63.693,93.646","75.232,61.254,94.949","69.976,60.071,98.0","67.574,64.274,96.505","66.346,69.665,94.806",1
88,"21.259,38.113,86.16","24.184,34.438,88.971","26.956,33.873,93.974","26.524,33.565,101.375","30.568,36.774,100.133","35.184,38.352,97.501","33.222,38.534,92.813","31.783,36.625,87.506",1
89,"13.196,19.754,13.626","8.574,21.579,17.093","4.643,18.586,17.742","-1.145,13.412,20.64","-2.902,14.56,16.23","-3.96,18.586,12.948","-0.357,21.181,11.36","3.783,24.458,11.156",1
90,"75.244,56.391,111.335","72.037,58.947,115.54","69.478,57.916,120.281","69.574,56.354,127.682","65.771,53.965,125.317","61.482,53.635,122.379","62.822,54.466,118.046","65.011,57.78,113.894",1
91,"-4.129,44.661,84.331","-8.564,40.964,83.963","-10.324,36.701,87.538","-12.799,34.06,93.675","-9.491,30.901,91.688","-7.806,28.035,87.597","-6.098,30.62,83.947","-4.959,34.831,80.302",1
92,"84.433,132.428,3.495","84.098,138.057,3.158","82.881,141.953,-0.553","77.718,145.098,-4.964","82.301,144.939,-7.438","87.385,145.222,-7.706","90.013,142.764,-4.524","91.188,140.039,0.03",1
93,"57.18,146.307,62.05","62.046,143.332,64.153","67.365,142.185,63.331","74.467,144.913,61.941","73.255,141.191,58.57","71.812,136.523,56.514","66.882,136.59,57.62","62.123,137.285,60.158",1
94,"-5.013,82.244,129.232","0.466,82.58,130.583","5.088,85.141,132.609","9.076,87.125,138.926","8.993,91.114,135.183","9.478,94.032,130.707","5.915,91.546,128.077","3.641,87.27,125.428",1
95,"51.534,69.218,44.194","56.335,67.583,45.977","61.654,68.493,45.703","67.751,72.585,47.226","67.872,70.653,42.321","67.742,67.209,38.555","63.259,65.451,38.045","58.668,63.133,39.025",1
96,"60.905,64.274,49.131","64.05,61.587,52.184","64.592,56.451,51.74","69.385,48.992,51.448","65.367,48.905,54.925","61.996,51.06,58.055","59.967,55.477,59.595","58.746,60.57,58.838",1
97,"139.602,168.033,100.732","142.743,163.491,101.355","146.157,160.272,98.592","152.552,158.655,95.149","148.875,156.229,92.842","144.522,153.403,92.591","140.941,155.907,94.345","138.217,157.948,98.676",1
98,"6.604,120.85,74.979","8.998,115.869,73.764","13.171,112.182,74.137","16.747,107.677,79.318","19.99,110.596,76.292","23.088,112.513,72.181","19.373,116.059,70.772","14.329,117.39,68.428",1
99,"86.458,198.978,60.426","84.402,198.957,65.484","83.026,201.886,69.927","78.046,205.581,74.006","82.753,207.407,75.224","88.172,207.091,76.112","89.634,205.145,71.774","96.657,203.579,76.558",1
100,"103.741,125.429,61.112","99.189,126.691,57.162","96.971,124.957,52.227","92.911,120.013,48.366","96.101,122.348,45.073","98.302,126.538,42.957","101.025,128.142,47.039","102.078,130.298,52.107",1
101,"117.989,124.095,42.744","121.676,128.491,42.324","122.887,132.353,38.705","120.789,138.657,35.135","123.567,135.76,31.897","127.396,132.671,30.443","127.453,129.002,33.388","127.463,126.311,38.246",1
102,"78.553,41.704,71.195","77.602,38.407,75.089","74.475,34.4,76.937","72.088,27.577,77.009","68.1,30.653,76.62","64.511,33.921,78.037","67.202,38.324,77.648","70.569,42.431,78.202",1
103,"96.868,110.767,97.863","95.023,107.868,93.633","94.883,107.458,88.183","98.684,106.246,81.665","95.007,110.163,81.237","90.483,113.242,81.244","89.95,113.536,86.219","88.701,111.702,91.359",1
104,"71.569,127.085,169.864","74.829,122.607,168.344","79.866,121.086,169.205","85.902,118.507,172.891","87.342,122.026,169.627","87.645,123.642,164.915","83.716,125.72,163.509","78.626,127.509,163.487",1
105,"103.396,196.761,119.503","105.007,200.122,116.146","105.072,203.404,111.756","107.017,210.568,109.174","102.481,209.499,107.891","98.867,206.634,106.026","97.634,202.717,108.717","97.063,199.241,112.958",1
106,"33.741,85.996,121.297","38.512,87.037,124.893","43.362,88.937,125.112","48.384,95.031,125.499","50.119,91.304,122.791","52.158,86.286,121.851","47.948,83.917,121.556","43.24,81.882,123.128",1
107,"-55.3,191.085,255.5","-59.962,190.651,252.744","-64.091,193.914,251.742","-67.412,199.726,248.146","-68.607,199.591,254.124","-70.631,196.859,257.16","-68.335,193.172,258.937","-65.114,188.705,259.164",1
108,"-2.934,-74.251,-42.57","-1.243,-70.334,-38.561","-1.173,-65.041,-36.771","-4.865,-58.515,-35.432","-0.731,-57.591,-38.247","4.271,-57.376,-40.374","4.944,-62.223,-41.151","5.494,-67.817,-41.126",1
109,"-24.328,-114.879,-57.19","-24.262,-113.071,-50.933","-25.129,-107.943,-49.266","-29.416,-101.963,-47.861","-24.658,-100.602,-49.245","-19.665,-101.294,-48.617","-16.993,-105.53,-49.851","-16.503,-110.092,-52.071",1
110,"76.889,-63.438,-49.056","77.413,-59.864,-44.908","75.822,-55.179,-42.505","70.591,-50.915,-39.402","72.589,-48.59,-43.456","76.323,-45.977,-47.036","78.849,-50.23,-48.828","82.122,-54.179,-49.815",1
111,"28.141,-121.07,-50.074","33.22,-118.779,-50.206","37.466,-115.164,-48.217","42.077,-113.622,-42.429","38.216,-108.96,-41.975","35.451,-105.202,-44.442","32.898,-108.26,-48.028","32.122,-111.775,-52.944",1
112,"5.917,-23.238,-41.4","9.918,-26.118,-39.936","13.146,-29.892,-41.426","20.337,-35.05,-43.878","16.728,-37.336,-47.038","12.503,-39.963,-45.835","9.583,-36.475,-43.75","7.056,-33.918,-39.385",1
113,"97.682,-48.532,-11.195","100.45,-50.604,-7.206","105.054,-53.736,-6.466","112.339,-54.096,-6.319","110.363,-58.072,-8.926","107.318,-62.842,-10.155","102.767,-60.994,-10.537","97.97,-58.91,-9.079",1
114,"20.783,-51.803,11.751","25.103,-51.337,7.607","26.227,-48.902,2.924","26.641,-42.123,-0.61","24.034,-45.551,-3.456","21.412,-49.391,-6.032","20.996,-52.774,-2.118","22.046,-55.643,2.179",1
115,"6.686,-111.953,60.876","9.686,-106.98,61.684","10.145,-103.1,65.009","10.086,-99.703,71.271","6.964,-97.245,68.592","4.907,-94.771,64.264","4.238,-97.9,60.752","3.594,-102.589,58.358",1
116,"-73.33,-86.368,16.126","-71.889,-81.632,18.74","-71.124,-76.981,17.623","-71.769,-69.922,14.075","-67.276,-71.756,13.279","-61.617,-73.138,13.492","-62.616,-78.158,15.441","-64.304,-82.38,18.842",1
117,"-58.589,-43.437,-0.095","-61.847,-44.337,-4.331","-67.252,-43.335,-4.866","-74.1,-40.638,-5.424","-74.142,-45.324,-1.317","-73.717,-49.696,-1.508","-68.152,-52.247,-2.69","-63.31,-52.22,-4.498",1
118,"-16.366,-42.378,6.027","-15.694,-47.291,3.814","-12.305,-51.9,3.087","-9.052,-57.828,6.251","-5.627,-55.248,3.22","-3.3,-52.968,-1.145","-6.456,-48.873,-1.525","-11.309,-46.111,-2.525",1
119,"14.365,9.178,60.456","19.076,8.626,63.61","22.097,11.062,67.46","22.481,13.7,74.512","24.581,17.076,71.369","27.62,18.47,67.348","25.851,16.704,63.431","24.356,12.733,60.111",1
120,"14.637,-4.781,18.341","13.072,-4.287,13.302","14.126,-2.017,8.617","18.134,-1.198,2.189","17.531,3.457,4.17","14.369,7.01,6.266","12.362,5.81,10.348","8.953,2.798,13.628",1
121,"-11.169,29.733,54.648","-15.467,27.037,56.484","-17.047,23.279,60.501","-18.076,20.973,67.374","-15.474,17.499,64.8","-15.053,13.88,60.963","-14.176,16.706,56.761","-14.909,20.284,52.497",1
122,"90.728,-18.324,114.209","88.209,-15.654,118.288","83.12,-13.692,120.007","75.863,-15.283,121.902","76.051,-10.958,118.861","77.175,-6.105,117.002","82.166,-7.14,115.792","87.684,-8.443,116.107",1
123,"-37.249,7.268,-9.532","-37.806,12.42,-12.881","-36.974,13.591,-18.219","-38.504,13.945,-25.672","-33.45,14.301,-25.066","-29.36,16.258,-22.819","-29.05,15.527,-18.116","-30.34,14.438,-12.905",1
124,"30.001,-13.929,4.025","27.942,-17.343,0.366","23.631,-17.994,-2.998","19.597,-15.956,-8.621","16.467,-16.841,-4.707","14.421,-19.93,-0.829","18.033,-20.331,2.729","22.808,-21.753,5.144",1
125,"-42.806,14.325,31.808","-40.067,18.751,33.974","-35.095,20.247,34.63","-28.381,22.817,33.095","-27.851,19.719,37.089","-29.392,17.92,41.609","-33.904,16.276,41.865","-39.223,16.157,41.506",1
126,"43.164,66.088,-20.84","45.98,70.015,-23.103","50.283,71.336,-26.19","54.496,71.339,-31.991","57.382,70.284,-27.954","59.086,71.221,-23.17","55.757,71.479,-19.572","51.101,71.938,-17.26",1
127,"93.035,20.005,34.952","89.372,24.596,35.565","84.168,25.082,37.703","79.31,25.333,42.894","76.885,22.956,39.021","75.956,23.13,34.001","79.896,23.112,31.139","84.93,23.915,29.354",1
128,"-3.287,13.572,19.301","1.736,14.312,16.667","4.622,11.193,14.033","6.943,7.193,8.145","8.348,4.496,12.341","11.015,4.73,16.975","8.975,7.386,20.42","5.678,9.905,23.401",1
129,"-3.669,8.662,-32.931","-6.808,9.559,-37.862","-7.564,13.595,-41.544","-6.353,17.497,-46.936","-8.746,19.923,-43.704","-12.623,21.093,-40.967","-13.825,17.394,-37.511","-13.261,12.509,-34.984",1
130,"-18.534,18.633,-64.717","-16.805,16.035,-60.012","-12.709,17.124,-56.436","-9.817,20.601,-50.482","-6.427,18.986,-53.776","-3.132,15.51,-56.719","-6.011,13.968,-60.429","-10.05,11.75,-63.583",1
131,"-13.336,-12.701,5.581","-18.02,-12.631,7.998","-23.254,-13.631,7.5","-28.935,-18.428,7.065","-29.737,-14.329,3.917","-29.931,-9.314,2.345","-25.428,-7.749,2.371","-20.991,-5.517,4.828",1
132,"-30.202,-9.947,121.68","-32.549,-7.986,126.493","-36.451,-4.121,128.16","-43.322,-1.66,127.845","-40.014,1.998,126.316","-36.14,5.363,127.222","-32.044,2.719,126.748","-28.338,-1.043,127.215",1
133,"-15.382,24.771,-69.597","-10.701,23.945,-66.822","-8.556,18.786,-64.428","-4.402,13.126,-64.811","-8.083,12.012,-61.408","-10.731,13.885,-57.58","-13.523,17.834,-58.239","-14.801,22.654,-59.436",1
134,"-14.326,1.397,38.257","-14.741,6.54,41.141","-18.84,10.083,42.608","-25.182,11.706,45.965","-25.202,13.712,41.455","-23.01,16.456,37.586","-19.327,14.137,35.66","-14.859,11.6,35.479",1
135,"-23.171,-35.823,23.379","-24.648,-37.149,17.922","-22.394,-39.149,13.444","-19.15,-45.044,10.034","-16.739,-40.354,8.374","-16.851,-35.462,6.914","-18.95,-32.682,10.181","-22.576,-30.912,13.936",1
136,"29.355,-14.692,4.501","27.393,-18.678,0.635","23.529,-18.736,-2.851","19.845,-16.123,-8.515","16.086,-17.663,-4.591","13.97,-19.416,-0.196","17.709,-20.89,2.746","22.123,-22.418,5.589",1
137,"-44.195,13.785,30.25","-42.378,18.004,30.653","-38.128,21.063,30.488","-32.291,24.556,27.645","-30.644,22.411,32.237","-31.515,21.598,37.52","-35.336,19.026,39.129","-40.507,17.894,39.334",1
138,"-41.986,-38.651,-85.112","-45.4,-37.178,-80.133","-50.204,-34.682,-78.941","-57.725,-34.493,-78.415","-55.932,-29.659,-78.6","-52.344,-25.905,-77.134","-48.063,-26.923,-78.754","-43.777,-29.919,-79.408",1
139,"-14.219,7.679,-74.001","-10.119,6.854,-69.952","-5.742,9.532,-68.566","-1.696,15.374,-65.6","0.651,13.52,-69.841","2.964,9.943,-72.92","-0.264,6.931,-74.622","-4.188,3.136,-74.368",1
140,"-71.946,26.85,-59.928","-73.318,30.732,-56.585","-72.175,35.668,-54.679","-72.15,43.097,-55.422","-67.657,41.58,-53.378","-65.007,38.916,-49.836","-66.334,34.367,-49.521","-69.075,29.507,-49.931",1
141,"-48.417,3.759,-87.288","-45.576,1.371,-91.375","-44.114,2.146,-96.598","-39.975,5.607,-101.844","-44.893,5.395,-103.176","-49.431,3.305,-104.313","-51.591,2.074,-100.273","-52.766,-0.914,-95.956",1
142,"-63.158,47.633,6.821","-59.478,43.831,4.845","-58.489,39.881,1.018","-57.038,37.522,-5.895","-61.402,34.809,-5.234","-63.388,31.483,-1.616","-63.923,34.326,2.476","-62.291,36.996,7.418",1
143,"-72.998,58.978,-24.78","-74.523,53.934,-24.876","-78.624,50.125,-24.488","-83.993,45.949,-27.115","-85.622,48.036,-22.955","-84.637,47.682,-17.875","-80.813,50.377,-16.997","-75.23,51.82,-17.055",1
144,"-57.138,12.006,-17.256","-58.242,12.625,-11.876","-60.828,10.547,-7.09","-60.973,5.657,-1.517","-66.081,6.706,-2.85","-69.571,10.267,-4.006","-68.128,11.983,-8.313","-65.246,15.875,-11.277",1
145,"-97.038,66.267,-25.671","-93.784,61.627,-24.003","-91.931,56.619,-25.822","-88.099,52.9,-31.303","-92.902,50.619,-30.084","-97.267,48.018,-27.726","-98.821,52.227,-25.276","-98.989,56.646,-21.962",1
146,"-187.498,38.125,4.105","-186.001,32.939,5.316","-181.794,29.885,7.572","-177.56,29.072,13.954","-174.653,29.506,9.35","-172.149,29.177,4.335","-176.115,30.961,1.641","-181.179,31.46,-0.774",1
147,"-44.452,-66.247,28.808","-47.559,-61.556,27.895","-48.13,-56.348,29.431","-45.095,-49.226,29.83","-47.62,-50.611,34.305","-51.324,-51.897,37.802","-51.855,-56.625,36.333","-52.539,-61.373,33.815",1
148,"-114.959,-72.476,67.102","-117.447,-67.851,66.022","-116.508,-62.559,66.033","-113.05,-56.517,63.91","-113.021,-56.839,69.203","-114.749,-57.058,74.264","-116.781,-61.422,74.784","-119.366,-65.832,74.25",1
149,"-74.246,-117.393,25.479","-78.179,-114.618,27.621","-82.224,-110.499,28.952","-87.821,-106.508,26.253","-83.973,-102.808,26.987","-80.297,-99.987,29.89","-77.192,-104.553,30.466","-75.307,-109.452,32.568",1
150,"-50.796,-23.378,56.201","-55.082,-26.358,54.878","-58.05,-30.766,54.853","-63.55,-36.369,57.996","-59.013,-40.027,57.821","-56.062,-40.984,53.697","-53.95,-36.582,52.237","-53.349,-31.216,49.42",1
151,"-112.736,-28.721,93.359","-118.445,-28.279,92.892","-122.975,-30.968,92.473","-127.067,-37.451,95.796","-126.523,-36.932,89.596","-126.332,-35.612,84.246","-122.41,-32.548,83.454","-119.372,-28.096,84.701",1
152,"-128.851,-65.708,36.692","-123.934,-64.17,35.024","-118.705,-64.101,35.758","-111.257,-67.063,35.985","-111.539,-63.942,39.88","-112.659,-59.224,42.205","-117.631,-58.604,41.168","-122.389,-57.575,38.94",1
153,"-147.534,-43.883,52.371","-151.731,-44.384,49.074","-156.54,-47.073,48.662","-163.46,-48.443,50.758","-161.063,-52.958,49.965","-158.447,-56.829,47.368","-153.884,-54.731,47.314","-149.499,-51.785,45.539",1
154,"-86.822,-25.678,5.358","-88.532,-27.623,10.178","-87.373,-27.626,15.505","-86.422,-23.713,21.77","-82.695,-27.481,21.417","-79.99,-32.248,20.636","-81.231,-32.927,15.81","-84.205,-33.855,11.091",1
155,"-94.876,-52.542,-67.62","-97.817,-48.892,-64.942","-98.955,-43.597,-65.197","-102.37,-37.278,-67.504","-97.651,-36.203,-65.724","-94.06,-36.476,-61.978","-92.164,-40.718,-61.311","-91.25,-45.796,-61.89",1
156,"-3.121,-37.796,-48.187","-5.381,-32.416,-47.22","-6.121,-28.969,-43.093","-3.462,-24.935,-37.583","-7.569,-27.721,-35.818","-12.61,-29.773,-35.357","-12.888,-32.718,-39.348","-12.687,-34.258,-44.686",1
157,"0.422,12.011,-5.389","-3.863,14.183,-7.971","-5.845,18.03,-10.702","-6.529,22.59,-16.394","-6.251,25.477,-12.233","-7.775,26.683,-7.608","-7.461,23.018,-4.186","-7.159,18.139,-1.758",1
158,"156.146,85.078,167.386","152.771,84.934,171.73","152.221,87.368,176.798","150.267,93.693,180.784","153.978,90.879,183.441","156.503,86.501,185.157","157.517,84.135,181.32","155.977,80.492,177.014",1
159,"120.225,86.452,133.328","122.366,90.506,130.183","120.634,95.12,127.625","118.301,102.404,128.482","115.733,100.072,124.241","115.763,97.159,119.992","116.876,92.79,121.339","120.682,88.786,123.013",1
160,"155.919,94.575,165.783","152.262,94.786,170.143","151.716,97.332,175.074","150.014,104.128,178.582","153.127,101.197,181.667","154.845,96.776,183.673","156.203,94.284,179.906","155.149,90.558,175.576",1
161,"120.015,95.32,132.415","122.336,99.403,129.147","120.602,103.961,126.459","118.171,111.363,127.329","115.956,109.143,123.045","115.86,106.092,118.869","117.106,101.825,120.317","120.667,97.668,122.109",1
162,"65.074,-27.249,-37.84","68.264,-24.425,-41.477","73.487,-23.03,-42.309","80.481,-25.021,-43.891","80.419,-21.595,-40.171","79.341,-16.893,-37.716","74.806,-17.09,-36.558","69.574,-17.899,-37.039",1
163,"31.658,6.703,-2.648","34.579,5.195,1.837","39.322,6.752,4.603","42.619,11.304,9.157","46.021,10.212,5.29","48.398,6.702,2.307","45.057,4.328,-0.196","40.611,1.023,-1.573",1
164,"25.143,-5.616,170.948","20.989,-9.161,169.642","16.117,-9.825,166.858","12.88,-10.302,159.989","9.598,-7.849,163.547","7.395,-6.345,167.968","11.154,-5.758,170.93","15.292,-7.735,174.285",1
165,"23.652,26.369,15.129","21.538,27.13,20.382","18.388,30.456,23.341","11.869,33.343,25.126","15.308,37.07,25.697","19.937,38.714,27.416","23.489,36.151,25.665","26.344,31.655,24.001",1
166,"-0.657,32.088,-15.745","4.214,34.133,-18.169","7.733,31.674,-21.46","10.199,28.719,-27.64","12.497,26.089,-23.774","14.996,26.135,-19.371","12.791,28.635,-15.759","9.569,32.041,-13.092",1
167,"49.562,28.966,4.915","53.233,32.702,7.868","56.524,34.335,2.929","60.177,37.235,-3.096","63.295,33.573,-1.511","64.702,30.412,2.016","63.549,29.151,6.405","61.445,28.904,11.385",1
168,"-13.921,27.621,19.753","-10.445,27.734,15.479","-9.955,25.892,10.763","-10.956,25.241,3.596","-10.533,20.753,5.429","-7.23,17.117,7.834","-7.145,18.402,12.548","-5.962,21.107,17.142",1
169,"-39.683,-52.365,13.47","-44.522,-51.124,16.126","-46.847,-47.382,18.975","-49.814,-41.219,20.923","-46.652,-42.109,24.8","-45.068,-45.153,28.761","-42.861,-49.069,26.45","-42.497,-53.382,23.388",1
170,"7.208,-38.569,38.553","9.525,-37.93,33.202","14.004,-39.546,30.734","18.589,-44.491,27.379","21.625,-41.274,29.829","22.907,-36.567,30.966","19.537,-33.776,33.309","15.107,-32.363,35.316",1
171,"47.828,-11.373,17.668","52.496,-11.753,14.478","55.341,-15.163,11.633","57.609,-19.188,6.267","58.957,-21.554,10.61","61.157,-21.498,15.166","59.312,-18.552,18.7","55.719,-17.222,21.023",1
172,"57.313,-7.593,14.746","52.77,-6.635,11.878","49.703,-2.792,9.446","47.009,1.342,4.424","45.829,3.612,8.885","44.045,3.195,13.594","46.221,0.061,16.743","49.827,-1.71,18.863",1
173,"203.9,61.005,65.107","201.691,64.182,61.15","197.983,67.895,60.072","195.117,74.497,60.022","191.148,71.247,60.671","188.819,66.933,59.229","191.255,62.705,59.302","194.238,59.363,61.385",1
174,"12.898,24.138,-9.829","7.983,23.024,-12.247","3.828,24.921,-15.303","0.671,28.199,-20.879","-0.848,30.418,-16.685","-2.79,30.273,-12.001","0.091,28.361,-8.844","3.063,24.43,-6.306",1
175,"48.277,-27.927,33.29","46.738,-33.2,32.038","47.582,-36.755,28.432","52.012,-41.262,24.086","48.52,-39.182,21.214","43.782,-37.926,19.824","42.084,-34.714,22.834","40.491,-32.671,27.794",1
176,"12.23,3.204,31.49","13.19,8.523,32.388","15.089,13.063,29.951","14.893,17.877,24.732","19.719,16.225,24.753","24.904,15.293,26.913","23.434,11.701,30.157","21.063,8.745,34.379",1
177,"56.763,-28.239,52.175","54.984,-30.335,56.752","51.292,-33.856,58.679","49.933,-41.485,59.088","45.308,-38.273,57.305","41.292,-34.265,57.305","44.295,-30.617,56.865","48.127,-26.047,57.653",1
178,"4.312,-11.258,12.852","4.423,-5.791,13.801","1.691,-1.305,16.111","-1.006,2.586,21.721","-4.908,2.011,18.371","-7.521,2.824,13.585","-4.653,-0.608,10.897","0.051,-2.604,8.095",1
179,"-73.96,-6.033,117.881","-77.532,-9.204,120.42","-77.929,-12.986,124.318","-77.843,-14.304,131.838","-75.056,-17.937,129.142","-73.452,-22.014,125.805","-73.58,-19.139,121.627","-76.07,-16.405,117.068",1
180,"-35.416,5.195,3.663","-30.183,8.105,5.326","-25.065,6.519,6.011","-18.377,3.713,4.044","-19.761,1.831,8.572","-21.155,2.314,13.636","-25.603,4.166,14.08","-29.952,6.856,12.859",1
181,"8.246,-37.085,36.118","11.612,-41.284,36.265","13.149,-45.213,38.59","15.903,-51.683,41.702","18.467,-48.382,44.729","20.628,-44.321,45.625","20.24,-40.58,42.52","18.828,-37.553,38.436",1
182,"56.104,25.05,60.557","58.793,20.39,61.671","62.579,17.637,60.002","70.387,15.563,58.579","67.29,13.394,55.045","62.871,10.435,53.452","58.92,12.934,53.926","55.104,14.787,57.442",1
183,"-28.481,30.444,32.987","-31.889,30.288,37.646","-32.834,33.039,41.68","-35.41,38.947,45.272","-30.788,38.342,47.314","-27.306,35.349,49.677","-25.861,31.92,46.277","-25.62,27.567,43.231",1
184,"-34.837,35.673,-22.218","-38.08,38.62,-18.637","-37.77,41.209,-13.705","-34.939,46.33,-9.238","-35.205,41.657,-6.58","-37.123,37.335,-4.466","-38.237,34.845,-8.722","-40.227,33.27,-13.498",1
185,"-59.733,-57.279,-22.381","-59.632,-60.159,-27.245","-56.626,-64.036,-29.18","-54.43,-70.952,-30.387","-50.33,-67.928,-29.872","-47.715,-64.084,-31.896","-49.945,-59.873,-31.507","-54.019,-56.177,-30.563",1
186,"4.457,-3.394,16.515","-0.676,-1.67,19.21","-5.846,-2.489,18.4","-11.782,-6.776,17.83","-12.031,-3.688,13.404","-12.357,1.311,11.281","-7.335,3.074,12.239","-2.742,4.295,14.664",1
187,"68.22,36.973,166.657","73.541,36.26,168.215","78.509,37.552,166.393","84.022,42.239,165.035","83.52,39.966,160.688","83.806,34.87,158.494","79.588,32.962,160.191","76.38,30.577,163.93",1
188,"0.53,172.68,142.947","-4.321,170.316,141.667","-6.963,165.558,142.178","-10.447,160.733,146.695","-7.451,157.959,143.91","-5.658,156.156,138.647","-3.248,160.982,137.018","-1.812,165.712,135.245",1
189,"21.849,-20.029,-8.904","24.215,-24.321,-6.047","23.766,-29.833,-6.204","24.398,-36.111,-9.69","19.709,-35.715,-7.401","16.121,-35.532,-3.46","16.607,-30.707,-2.038","17.918,-25.697,-0.62",1
190,"-6.481,16.01,0.591","-11.079,18.47,1.787","-15.088,18.989,5.502","-17.878,21.921,11.788","-19.611,17.104,11.315","-21.761,13.306,8.439","-18.883,12.051,4.922","-16.779,13.085,-0.413",1
191,"-10.477,-17.396,-18.183","-11.607,-23.259,-17.745","-16.302,-26.428,-17.99","-21.827,-29.051,-22.272","-23.813,-27.856,-17.593","-23.38,-28.139,-12.407","-19.627,-25.487,-11.076","-14.583,-23.944,-10.919",1
192,"-34.964,23.446,32.438","-38.411,27.336,30.385","-42.075,28.67,26.716","-48.413,28.845,22.994","-45.891,27.494,18.967","-41.066,29.148,16.232","-37.927,28.603,19.91","-34.618,29.724,23.939",1
193,"14.285,6.362,48.821","14.785,11.456,51.092","11.521,15.23,53.347","7.102,18.145,58.398","5.335,19.712,53.966","6.253,21.771,49.429","8.933,19.067,46.702","13.376,16.441,45.341",1
194,"55.035,61.378,46.193","54.772,59.54,51.443","55.922,55.223,54.793","60.338,50.444,58.02","56.134,47.802,56.402","50.909,46.547,55.723","49.335,50.478,53.015","48.012,55.836,51.336",1
195,"44.359,-62.028,26.919","45.072,-58.719,31.053","43.353,-53.821,33.279","38.975,-49.65,36.778","40.863,-46.659,32.81","44.816,-44.436,30.143","46.87,-48.558,28.384","49.92,-53.159,28.289",1
196,"79.032,-45.871,5.876","80.191,-50.587,8.16","81.158,-55.618,7.304","85.405,-61.752,6.854","81.32,-62.404,3.705","76.286,-62.974,1.902","73.93,-58.543,4.257","72.618,-54.416,7.529",1
197,"38.73,11.864,-31.087","44.741,11.415,-31.221","48.225,7.571,-32.343","51.502,2.614,-36.253","50.655,0.177,-31.643","50.692,-0.219,-26.662","47.733,3.423,-24.85","45.36,7.856,-23.803",1
198,"-23.249,29.313,45.121","-19.03,32.893,44.83","-14.21,34.252,42.985","-9.217,34.14,36.952","-7.346,30.521,39.982","-6.011,28.818,44.205","-9.586,28.527,47.599","-14.161,29.815,50.758",1
199,"-11.347,7.377,84.23","-16.69,8.771,85.095","-21.127,5.595,85.461","-25.792,0.433,88.977","-25.14,-1.358,84.515","-26.151,-0.335,79.1","-23.081,3.196,77.149","-19.365,7.658,77.145",1
200,"15.02,20.683,-52.486","17.41,17.687,-56.123","20.339,17.788,-60.628","26.077,19.198,-64.559","21.922,20.971,-67.338","17.255,20.053,-68.956","13.834,18.59,-65.797","11.071,16.982,-61.511",1
201,"1.757,23.808,-2.0","-0.218,28.15,-4.872","1.294,31.001,-9.251","2.644,31.208,-17.286","6.646,33.498,-14.652","9.022,36.627,-11.658","7.274,35.496,-6.991","4.463,34.069,-2.492",1
202,"15.51,600.051,116.274","12.715,603.3,112.195","10.711,607.563,112.187","7.818,614.835,114.22","3.99,611.814,113.979","0.692,608.089,112.866","2.176,603.612,111.664","6.309,600.001,110.886",1
203,"14.704,552.594,125.256","20.202,554.417,124.43","23.381,559.128,124.964","26.523,564.392,129.148","24.979,566.113,124.602","24.329,567.009,119.354","21.757,562.776,118.331","19.811,557.776,117.507",1
204,"-16.92,521.121,141.497","-10.655,520.58,142.879","-7.411,524.79,144.144","-4.797,530.564,148.702","-4.625,531.628,144.085","-3.271,530.67,139.049","-5.467,527.007,136.178","-9.033,524.047,134.836",1
205,"29.529,561.481,47.174","34.901,563.099,47.448","38.037,566.774,50.044","41.881,569.806,55.102","38.613,573.326,53.181","36.86,577.151,49.384","34.365,574.054,46.66","32.996,570.854,42.69",1
206,"-2.775,509.438,90.92","-1.087,512.126,86.653","2.756,515.158,83.112","9.33,514.752,79.808","10.787,518.809,84.287","9.529,523.163,86.569","4.476,521.098,88.36","-0.765,519.728,88.279",1
207,"36.261,599.369,118.936","36.509,595.602,114.902","34.878,592.193,111.265","32.11,588.569,103.561","27.545,587.282,106.594","26.109,584.577,111.418","29.702,587.13,114.54","34.639,588.818,117.557",1
208,"48.666,596.121,59.988","44.13,599.505,58.362","42.403,603.447,56.188","42.368,608.56,50.266","43.691,611.326,54.597","43.405,613.213,59.702","44.013,609.813,63.066","43.11,604.999,65.353",1
209,"73.231,561.732,35.596","77.125,558.126,33.559","77.67,555.245,29.056","79.082,554.287,22.18","75.415,551.552,23.171","72.111,547.768,25.449","71.157,549.723,29.937","71.568,551.192,35.203",1
210,"76.897,552.838,114.168","73.774,554.602,109.482","70.634,558.589,107.852","70.282,566.336,106.676","65.507,564.172,108.678","61.509,561.294,110.24","63.693,557.006,111.344","67.023,552.58,110.965",1
211,"96.945,479.522,136.215","100.158,483.232,133.646","104.455,486.06,134.046","112.217,487.14,134.551","109.954,490.236,137.611","106.418,493.744,138.793","102.03,492.488,139.013","97.953,488.919,138.679",1
212,"49.534,525.538,205.97","54.251,528.832,205.372","55.235,533.816,203.902","54.012,541.277,204.274","53.48,539.535,199.298","54.647,537.532,194.392","54.503,532.495,195.324","55.851,527.718,197.874",1
213,"57.508,497.705,75.729","62.164,497.549,79.929","64.919,499.823,83.584","65.021,504.34,90.084","67.717,506.675,86.551","71.838,507.601,83.18","69.83,504.773,79.189","67.851,500.316,76.478",1
214,"-22.843,-14.731,-49.971","-18.194,-14.195,-52.521","-14.198,-17.176,-54.763","-11.654,-21.301,-60.077","-9.83,-23.05,-55.613","-7.566,-22.456,-51.016","-10.488,-19.87,-48.416","-12.785,-15.102,-47.1",1
215,"58.596,10.451,49.547","57.628,14.863,53.19","55.103,15.998,57.962","54.707,15.232,65.276","49.894,15.55,63.428","46.033,17.829,60.501","47.832,16.615,55.97","51.204,17.934,51.494",1
216,"-71.212,3.686,-1.431","-74.611,6.388,1.713","-78.426,10.347,1.511","-84.913,13.258,0.251","-81.614,16.997,-0.311","-77.665,19.768,1.205","-73.685,16.874,0.519","-69.952,13.461,2.486",1
217,"9.947,34.896,88.989","12.661,33.798,83.998","11.551,30.373,79.712","6.705,28.342,74.397","8.914,23.98,76.789","12.034,19.956,79.501","13.792,23.271,83.141","15.538,26.733,87.172",1
218,"27.77793,-12.23851,21.19063","25.21093,-7.73272,23.14854","22.90688,-3.04494,22.31039","17.46255,1.57368,20.54794","22.0609,3.52702,19.00805","27.02494,5.12376,19.18841","29.43853,1.41951,20.11675","31.06064,-2.57081,23.79499",1
219,"10.759,36.907,106.093","6.812,41.442,104.806","1.455,42.025,104.74","-5.068,42.099,108.712","-5.504,39.479,104.159","-5.853,37.746,99.011","-0.756,37.42,98.324","4.336,38.816,98.137",1
220,"53.754,-4.317,29.447","57.949,-0.642,29.086","60.223,3.778,31.627","63.511,6.612,37.584","59.799,10.061,35.789","56.994,13.052,32.333","55.032,9.66,29.316","55.112,5.452,25.408",1
221,"42.68,19.964,202.165","44.879,24.93,201.292","43.139,30.021,202.012","40.712,35.619,206.543","37.713,35.322,202.307","35.905,35.228,196.987","38.252,30.798,195.346","41.639,26.533,193.677",1
222,"-55.53908,0.72958,35.24075","-59.63855,0.26955,31.66084","-62.38873,-3.62697,29.42197","-67.68231,-8.46037,29.41925","-63.57735,-10.60142,27.27893","-59.69854,-10.2515,23.33869","-56.68952,-7.01043,24.70119","-55.7592,-1.23881,24.97676",1
223,"29.53219,-15.23456,3.98133","27.57471,-19.23926,0.08297","23.78648,-19.48632,-2.77291","18.5261,-16.78942,-8.11271","15.55347,-17.68908,-4.1195","14.06551,-21.00791,-0.13633","17.93421,-21.32804,2.96018","22.36577,-22.71937,5.48811",1
224,"-43.43651,13.69711,30.43858","-42.28867,18.81261,31.18927","-37.46192,20.99909,31.2388","-31.4211,24.21561,28.47618","-30.14094,21.36552,32.35057","-30.87945,20.82681,37.66219","-35.28963,19.11402,38.9577","-39.79911,17.52858,40.02661",1
225,"29.42914,-14.74871,4.16603","27.42868,-18.68712,0.37764","23.64488,-18.7346,-2.67536","19.57196,-15.82302,-8.37231","16.18499,-17.10328,-4.7576","13.32357,-19.98467,0.03213","17.65408,-20.90132,2.91151","22.31182,-22.29963,5.55483",1
226,"-43.84379,13.83192,30.65239","-42.54019,18.87808,31.40889","-37.23813,20.90924,31.04771","-31.33585,24.08279,28.30708","-30.07389,21.74521,32.67887","-31.05594,21.09903,37.57636","-35.12858,19.11422,38.74617","-40.16527,17.92548,39.78369",1
227,"29.26213,-14.65734,4.19771","27.54045,-18.36746,0.3624","23.8435,-18.71969,-2.90629","19.67367,-16.07376,-8.88692","16.59094,-17.02759,-5.01543","14.58397,-20.41579,-1.31113","17.8773,-20.80702,2.48675","22.20457,-22.17651,5.27008",1
228,"-43.85763,14.06625,30.00634","-42.50933,18.97829,30.5805","-37.57435,21.922,30.36335","-32.01796,24.51562,27.46325","-30.73314,22.1032,31.4335","-31.58226,21.83135,37.11987","-35.44837,19.32373,38.25714","-40.41451,18.0709,38.91729",1
229,"29.265,-15.217,4.722","27.316,-18.598,1.025","23.491,-18.946,-2.548","19.646,-15.819,-8.193","16.499,-17.474,-4.389","13.951,-20.296,-0.443","17.407,-21.04,2.995","21.94,-22.629,5.944",1
230,"19.974,-15.829,48.465","24.126,-12.867,50.794","24.61,-8.868,54.217","24.289,-5.698,61.189","23.038,-2.394,57.746","24.192,0.107,53.289","23.661,-2.43,49.131","24.212,-6.402,45.184",1
231,"-4.33965,-0.63327,-4.49398","1.30765,-0.83158,-4.68119","5.63634,2.18831,-4.09087","10.93619,5.88304,-0.95896","9.90146,8.38088,-5.25918","9.78018,10.83563,-10.59166","5.57014,6.86215,-10.71715","2.56545,2.67858,-11.55191",1
232,"-18.15564,-11.54094,-66.22964","-22.89054,-8.926,-66.59591","-24.82289,-4.08722,-66.78073","-26.05367,2.54832,-70.61731","-25.20056,3.32545,-65.73668","-25.77284,2.78292,-60.43844","-23.93141,-1.32231,-59.27807","-24.1884,-6.76972,-59.02041",1
233,"51.301,19.7,1.363","51.619,20.561,6.687","54.916,20.77,10.736","60.731,22.717,14.423","60.891,17.383,14.573","59.154,12.79,14.967","55.717,12.17,11.953","50.692,12.958,9.676",1
234,"-2.83504,-5.24399,64.87037","-6.26478,-9.69221,64.20444","-9.9006,-11.28054,60.6854","-12.42731,-13.53591,54.48142","-15.83954,-10.07404,56.0902","-18.98175,-8.16507,59.81505","-16.57694,-6.68678,64.07906","-13.00708,-5.93046,67.67113",1
235,"-13.84922,12.54391,8.92257","-11.99916,14.69365,3.87382","-12.58265,19.75519,1.48688","-10.75391,26.41937,0.2237","-15.84105,26.00211,-0.38428","-19.68543,23.46065,-3.06215","-19.66465,18.66482,-1.95825","-18.23887,13.5912,-0.42672",1
236,"29.84359,-15.50871,4.08286","28.05042,-18.73878,0.29513","24.11661,-18.86071,-2.4937","19.18615,-16.75561,-8.22926","16.44151,-18.05571,-4.676","14.26953,-21.26281,-0.81504","18.10062,-21.72988,2.7265","22.62009,-23.07596,5.53802",1
237,"-42.46665,12.72734,31.58319","-39.95571,16.95859,33.85926","-35.08945,18.17511,34.82096","-28.10317,20.97495,33.59136","-27.96444,17.71087,37.3474","-29.41997,15.94558,41.75495","-33.82369,14.37983,41.88078","-39.26803,14.39185,41.55933",1
238,"-17.385,27.36,-156.397","-18.207,29.819,-161.811","-15.879,32.085,-165.984","-10.708,31.412,-171.436","-10.235,35.972,-169.17","-11.063,40.808,-166.852","-13.797,39.555,-162.877","-17.775,37.351,-159.996",1
239,"-30.042,-9.246,-127.083","-32.536,-9.211,-132.535","-30.413,-7.923,-137.122","-26.061,-9.075,-142.91","-25.532,-4.163,-141.579","-27.37,0.861,-140.589","-29.918,0.156,-136.612","-33.582,-1.367,-132.827",1
240,"-35.823,103.131,-144.376","-35.474,104.483,-149.399","-33.132,105.203,-154.194","-30.091,102.24,-160.019","-26.881,105.49,-157.723","-24.432,110.046,-155.916","-27.142,110.332,-151.543","-30.863,111.65,-148.03",1
241,"-7.577,5.502,-246.881","-9.058,9.44,-250.439","-7.046,13.941,-253.164","-3.512,17.306,-258.596","-3.01,20.401,-254.61","-4.989,22.963,-250.529","-6.356,19.176,-247.389","-9.935,15.603,-245.709",1
242,"-60.89,37.525,-117.443","-60.666,42.833,-119.195","-60.978,46.38,-123.346","-65.605,48.704,-129.085","-60.616,47.815,-130.714","-55.258,48.001,-131.384","-54.246,44.726,-127.238","-53.306,43.537,-121.647",1
243,"12.829,59.074,-182.23","7.482,60.365,-180.245","4.289,60.899,-176.042","2.179,64.74,-169.735","2.397,59.764,-169.023","0.596,54.363,-168.676","3.766,53.668,-172.98","4.096,54.2,-178.92",1
244,"49.3,4.725,-206.132","46.228,2.598,-210.371","42.8,3.396,-214.719","42.916,6.256,-222.055","38.472,7.535,-219.65","33.816,7.529,-216.584","36.572,6.631,-211.976","38.848,3.014,-207.923",1
245,"-5.701,108.182,-193.111","-8.041,110.689,-188.575","-7.421,110.633,-183.407","-4.063,111.478,-177.361","-5.079,106.73,-177.397","-8.173,102.732,-177.156","-10.467,102.831,-181.856","-12.797,103.998,-186.522",1
246,"-56.902,122.975,-182.093","-61.634,124.643,-183.33","-66.009,127.562,-182.768","-69.415,133.87,-181.8","-70.001,130.859,-177.754","-71.565,127.041,-174.619","-68.71,123.314,-175.657","-65.99,119.327,-178.064",1
247,"-43.711,53.641,-209.115","-42.086,57.269,-205.266","-37.657,59.437,-202.474","-31.231,63.196,-202.988","-31.033,59.414,-199.431","-31.832,56.202,-195.506","-36.111,53.999,-197.206","-41.975,53.843,-198.617",1
248,"-108.345,9.93,-217.964","-107.617,14.9,-220.471","-106.945,16.935,-225.07","-108.844,19.165,-232.101","-104.105,17.522,-232.194","-99.414,17.893,-230.295","-98.962,15.585,-226.286","-100.213,12.992,-221.688",1
249,"83.048,6.102,76.511","80.241,9.993,78.704","76.687,10.211,81.959","70.787,14.069,87.418","66.952,11.737,84.745","65.938,10.815,79.694","69.913,10.006,76.277","74.382,10.505,72.651",1
250,"28.279,42.682,55.137","29.428,37.951,52.409","32.96,34.087,50.693","37.736,28.365,51.84","41.045,31.704,49.965","42.07,34.637,45.581","37.928,37.882,45.904","32.854,40.472,45.612",1
251,"49.079,35.743,83.033","52.946,35.933,78.933","57.188,38.082,76.601","63.821,40.229,75.047","60.77,43.998,74.268","57.492,46.17,70.824","53.354,44.186,72.594","49.397,40.107,73.408",1
252,"58.697,15.934,37.541","54.868,19.658,35.658","54.726,23.636,31.764","54.28,25.735,24.76","57.439,29.134,27.038","58.282,32.226,31.016","59.045,29.248,34.716","56.737,26.147,39.008",1
253,"57.529,56.573,91.194","58.16,53.52,86.006","61.287,49.805,83.508","64.462,42.918,83.72","67.6,46.582,81.795","70.295,50.666,79.071","67.321,54.33,80.659","62.951,57.393,82.163",1
254,"112.489,135.509,69.074","113.181,134.176,63.568","110.393,131.804,59.255","104.342,132.469,54.309","104.458,127.902,55.886","106.647,123.309,57.388","110.118,124.195,60.896","114.384,126.446,63.698",1
255,"59.928,44.08,29.612","64.355,47.416,29.298","69.285,49.327,30.669","77.449,49.995,31.545","76.495,48.969,36.638","73.923,49.642,40.746","68.888,50.042,38.472","64.22,52.143,35.499",1
256,"13.788,-6.131,-28.567","16.535,-10.549,-31.034","14.952,-15.276,-33.091","11.64,-19.743,-37.977","10.976,-21.842,-33.381","12.953,-23.154,-28.854","14.846,-19.87,-26.303","17.953,-15.3,-25.265",1
257,"19.015,0.448,-55.572","20.446,-3.084,-58.954","18.13,-3.061,-63.926","16.401,-3.682,-71.491","12.344,-6.581,-69.69","12.076,-10.003,-65.998","14.052,-11.024,-61.506","16.759,-9.984,-56.551",1
258,"-22.261,-4.645,-7.575","-19.983,-3.494,-12.955","-16.502,-6.455,-16.057","-14.883,-12.329,-20.107","-10.784,-11.454,-17.09","-7.282,-8.172,-15.087","-9.211,-4.566,-12.773","-13.008,-0.91,-11.094",1
259,"31.585,11.08,112.214","35.345,8.982,115.758","38.833,4.389,116.04","44.944,1.211,114.105","41.467,-2.339,114.594","37.86,-4.745,117.412","34.525,-1.32,118.042","31.841,3.462,119.242",1
260,"17.70304,-32.42002,-6.34239","13.965,-29.97749,-10.2534","11.10265,-25.30145,-10.06568","10.35803,-17.90768,-10.23633","6.60507,-19.88818,-7.29985","3.00313,-23.36376,-5.8825","4.58083,-27.87203,-5.51483","7.18315,-32.52211,-6.88516",1
261,"6.36286,-38.44562,32.63039","1.36714,-35.55059,32.3127","-3.08897,-35.47471,29.18677","-9.4605,-37.80997,26.56021","-7.01748,-35.59654,22.62235","-4.31139,-31.62022,20.75316","-0.19636,-30.9856,22.83832","3.162,-29.82139,27.36692",1
262,"-9.584,18.192,-8.742","-6.768,14.208,-11.542","-5.53,8.966,-11.806","-6.796,1.884,-12.993","-3.421,2.14,-9.149","0.959,3.974,-7.084","0.607,8.609,-6.523","0.17,13.861,-8.574",1
263,"58.208,-13.983,35.809","53.252,-11.508,35.074","47.859,-12.749,36.04","41.566,-13.64,40.111","41.658,-16.654,35.8","41.729,-17.009,30.262","46.285,-16.204,28.806","50.807,-13.685,27.641",1
264,"-102.78,57.99,-160.452","-104.689,56.398,-166.019","-102.194,54.97,-170.621","-97.729,50.144,-174.389","-96.499,54.801,-175.428","-97.685,59.585,-177.226","-99.862,61.868,-173.752","-104.04,62.536,-170.168",1
265,"169.073,-11.507,159.886","170.363,-9.597,165.244","168.615,-7.451,169.808","164.053,-7.856,175.858","164.001,-3.084,173.918","165.419,1.796,171.952","167.762,0.396,167.694","171.215,-2.113,164.236",1
266,"173.778,-46.259,125.42","176.437,-47.089,130.838","174.418,-45.918,135.815","170.589,-47.224,141.802","170.61,-42.271,140.885","173.19,-37.701,140.166","175.302,-37.821,136.017","178.666,-39.606,132.028",1
267,"255.917,18.822,105.102","259.045,16.849,100.969","260.162,18.147,96.188","264.289,21.91,90.699","259.509,20.988,88.876","254.823,18.823,87.499","253.576,16.332,91.561","253.649,13.759,96.274",1
268,"198.467,61.974,153.22","198.645,62.824,158.301","196.651,63.034,163.418","193.824,59.906,169.14","190.83,63.896,167.422","189.117,68.984,166.167","191.612,69.276,161.742","195.035,70.804,158.054",1
269,"229.622,65.435,118.812","235.182,64.988,117.599","238.468,61.013,116.129","240.871,55.822,111.655","241.279,53.856,116.005","242.776,54.488,120.989","240.029,57.509,123.243","237.788,62.623,124.672",1
270,"162.19,-44.072,247.372","164.802,-41.651,251.608","163.714,-38.056,255.591","161.901,-35.742,262.196","161.05,-31.945,259.188","162.456,-28.864,255.167","163.332,-31.108,251.321","166.395,-34.331,248.492",1
271,"210.486,-4.154,118.031","211.05,1.238,120.314","212.369,4.084,124.929","217.654,5.411,130.397","212.681,4.999,132.353","207.435,5.908,133.493","205.714,3.306,129.171","204.575,2.534,123.741",1
272,"145.715,21.813,191.122","151.186,22.308,188.892","154.142,22.848,184.244","156.502,27.052,178.402","155.369,22.14,177.124","156.033,16.764,176.011","152.845,16.322,180.445","153.353,15.99,186.499",1
273,"102.604,-29.079,212.931","105.325,-31.99,216.562","109.225,-32.685,220.844","109.935,-30.735,228.305","114.503,-29.467,225.779","118.629,-29.797,222.49","115.708,-29.827,217.782","112.654,-32.63,213.638",1
274,"173.812,65.241,204.984","176.013,67.802,200.707","175.156,68.762,195.578","172.01,71.585,190.049","171.505,66.555,189.699","174.018,62.083,188.425","176.208,61.063,192.782","179.046,61.191,197.198",1
275,"225.795,73.998,190.623","230.797,74.928,191.502","235.505,77.278,190.894","240.016,82.903,190.101","239.584,80.22,186.027","240.453,76.236,182.21","236.796,73.109,183.336","233.644,69.611,185.751",1
276,"202.78,4.78,211.929","201.304,8.996,208.772","197.236,12.249,206.806","191.456,16.828,208.216","190.374,13.5,204.305","190.401,10.253,199.87","194.401,7.588,200.914","199.982,6.288,201.909",1
277,"259.388,-48.309,212.097","259.953,-43.266,215.11","259.717,-41.717,220.021","261.936,-39.962,226.812","257.003,-40.783,227.031","252.355,-39.987,225.303","251.529,-42.141,221.398","252.134,-44.511,216.554",1
278,"256.15,6.633,163.162","258.318,4.049,168.303","255.967,2.468,172.969","251.38,-2.088,176.96","251.007,2.684,178.587","252.959,7.161,180.462","255.142,9.327,176.991","258.983,9.826,173.02",1
279,"155.796,-3.393,276.241","156.147,-7.795,272.557","159.143,-11.338,269.655","163.532,-17.186,268.728","166.779,-13.617,267.393","167.082,-10.068,263.446","163.632,-6.729,265.042","158.513,-4.386,266.02",1
280,"180.855,-15.911,298.753","183.868,-15.284,293.863","187.492,-13.063,290.993","194.107,-11.015,288.608","191.372,-7.016,289.187","187.626,-4.18,286.946","183.639,-6.07,289.046","179.644,-10.303,289.743",1
281,"181.161,-26.986,248.933","177.092,-23.351,248.359","176.461,-18.478,245.461","174.462,-15.276,239.003","178.355,-12.39,241.457","180.299,-10.167,245.78","181.5,-13.831,248.525","179.84,-17.459,252.704",1
282,"191.453,2.13,308.244","191.469,-0.058,302.755","193.728,-3.37,298.936","196.558,-10.125,297.222","199.48,-6.062,295.284","202.073,-1.599,293.223","199.636,1.785,296.292","195.968,4.469,299.348",1
283,"247.344,82.09,292.964","247.473,81.311,287.399","244.45,79.936,283.017","237.778,81.331,278.617","238.011,76.547,279.281","239.969,72.056,280.137","243.702,72.319,283.222","248.302,74.271,285.879",1
284,"182.781,2.198,246.183","187.205,5.396,245.607","192.444,7.173,246.66","200.71,7.417,246.19","200.459,5.382,250.933","198.791,5.095,255.486","193.197,5.83,254.377","188.493,8.516,252.825",1
285,"0.766,-80.132,13.007","-2.145,-82.067,17.084","-7.465,-83.786,17.212","-13.305,-87.856,16.514","-14.798,-82.855,16.061","-15.156,-78.022,18.48","-10.851,-76.027,19.215","-5.226,-75.395,20.365",1
286,"-8.12221,36.60672,12.30921","-11.44662,35.05866,7.86286","-14.91195,31.14869,5.83481","-21.13673,27.53782,5.35965","-17.38575,23.94232,4.69396","-13.06743,21.6238,2.30833","-9.81653,25.47277,3.36584","-7.10525,30.46134,3.47643",1
287,"73.7,35.814,16.908","73.201,35.683,11.742","71.914,38.906,7.649","73.672,44.758,3.076","68.546,44.781,4.05","63.774,42.461,4.575","63.99,39.278,8.193","65.076,34.671,10.682",1
288,"24.981,-25.155,15.518","26.398,-29.633,17.812","25.03,-34.104,20.069","21.596,-40.605,20.497","20.308,-37.707,24.331","22.077,-34.9,28.368","23.767,-30.704,27.397","26.548,-26.91,25.054",1
289,"-33.418,22.576,-53.356","-29.609,25.816,-56.137","-25.928,24.526,-60.017","-23.32,22.684,-66.513","-20.437,20.387,-63.085","-17.609,20.834,-58.793","-19.932,21.864,-54.82","-23.277,24.652,-50.921",1
290,"-36.754,-4.58,-17.951","-34.845,-5.319,-12.49","-36.41,-2.389,-8.258","-39.717,-0.254,-2.253","-37.666,3.828,-4.415","-33.491,6.015,-6.219","-30.984,4.382,-10.004","-28.934,1.549,-14.161",1
291,"48.008,-67.672,-30.164","50.721,-62.935,-29.529","50.725,-57.745,-30.931","47.069,-51.138,-30.684","49.144,-51.782,-35.359","52.464,-52.813,-39.13","53.779,-57.427,-37.873","54.971,-62.068,-35.6",1
292,"29.436,-107.888,-14.519","31.688,-103.687,-10.757","31.212,-98.442,-11.271","27.356,-91.971,-10.876","30.64,-91.806,-14.714","35.382,-92.619,-16.266","37.509,-96.887,-16.221","37.905,-101.971,-16.044",1
293,"112.625,-65.195,-74.322","114.463,-60.616,-73.057","113.083,-55.446,-72.958","109.224,-49.526,-69.959","108.99,-49.659,-74.997","110.46,-49.284,-80.211","112.509,-53.685,-80.971","115.435,-57.769,-81.478",1
294,"81.605,-115.598,-32.81","84.847,-112.195,-35.735","87.411,-107.442,-35.558","92.902,-103.69,-32.232","88.925,-100.465,-32.641","84.925,-97.945,-34.858","82.054,-102.072,-35.887","80.287,-106.965,-38.073",1
295,"48.419,-23.738,-55.481","52.791,-26.964,-54.861","55.807,-31.212,-55.2","61.136,-36.238,-59.218","56.968,-40.159,-58.512","54.302,-41.429,-54.236","52.212,-37.203,-52.774","51.628,-32.069,-49.873",1
296,"59.609,-21.596,-36.65","57.811,-26.133,-39.84","57.794,-27.36,-44.903","61.761,-29.254,-51.181","57.756,-26.366,-52.236","52.895,-24.677,-52.066","51.469,-23.41,-47.665","51.112,-22.499,-42.567",1
297,"99.786,-26.937,-81.176","98.341,-27.683,-86.067","97.582,-26.233,-91.359","100.279,-24.589,-97.941","97.275,-21.486,-96.249","92.558,-18.568,-94.812","91.947,-20.717,-90.18","90.889,-23.919,-86.198",1
298,"143.986,-36.969,-61.338","148.407,-37.367,-58.795","153.165,-39.886,-59.123","159.789,-40.76,-61.763","157.655,-45.247,-60.654","155.529,-48.973,-57.777","150.969,-47.367,-57.663","146.815,-44.914,-55.527",1
299,"87.328,-25.806,-8.951","89.03,-27.305,-13.902","87.53,-27.395,-18.961","85.772,-22.879,-25.086","82.588,-27.0,-24.63","80.257,-31.612,-23.772","81.537,-32.456,-19.148","85.073,-33.342,-14.894",1
300,"104.007,-52.129,61.549","106.403,-48.101,58.515","106.925,-42.699,58.393","109.843,-36.25,60.877","104.93,-35.618,59.205","100.987,-36.239,55.626","99.838,-40.593,55.115","99.293,-45.959,56.155",1
301,"11.264,-45.347,49.637","13.018,-39.833,48.685","13.322,-36.394,44.461","9.436,-32.468,39.189","13.929,-34.684,37.248","18.893,-36.163,36.24","19.59,-39.166,40.197","19.77,-40.818,45.34",1
302,"126.407,-82.699,-2.347","125.002,-78.687,1.542","122.499,-74.317,3.019","116.15,-70.894,4.336","119.324,-67.757,2.155","123.913,-64.407,1.279","126.322,-68.605,-0.038","129.573,-73.432,1.038",1
303,"52.459,73.292,122.283","49.634,75.674,125.25","45.126,75.25,128.024","39.637,72.293,132.794","37.309,72.065,128.273","35.68,74.429,124.142","39.422,76.238,121.649","44.121,79.115,119.968",1
304,"24.952,45.968,39.114","23.254,49.942,35.618","25.378,54.417,33.839","29.829,58.674,29.62","29.449,61.107,33.985","26.705,62.691,38.08","24.389,59.156,40.332","21.074,55.303,41.712",1
305,"-6.755,16.635,-22.949","-0.879,16.705,-21.966","2.661,20.702,-22.021","5.399,26.957,-19.462","5.461,27.336,-24.493","6.285,25.344,-29.209","3.688,21.61,-30.273","1.7,16.318,-29.596",1
306,"30.05563,58.58848,42.76475","29.76579,60.45781,48.0975","32.07493,58.63279,52.60451","37.01783,58.02971,57.72666","34.67314,53.60252,57.37449","30.19027,51.3244,57.70496","26.94429,52.47455,54.37024","23.96937,55.26424,50.49552",1
307,"-1.56548,51.13607,44.36152","-2.47368,49.6398,49.86505","-4.33602,52.68754,53.88797","-9.04374,55.62596,58.68086","-5.11942,58.79662,58.25652","-0.05591,59.05245,58.76078","2.80215,56.24915,55.90568","4.72385,52.61116,52.44354",1
308,"58.331,-29.054,38.389","62.465,-25.329,39.87","63.835,-21.971,43.808","66.473,-20.01,50.38","62.849,-16.566,48.913","60.766,-13.489,45.397","59.043,-15.655,41.86","59.42,-18.641,37.412",1
309,"20.517,-18.821,-0.6","21.214,-16.535,-5.982","24.697,-13.175,-7.867","31.086,-10.837,-10.391","28.214,-7.027,-7.148","24.453,-3.432,-7.544","21.223,-5.898,-5.212","16.682,-9.642,-4.473",1
